Premise,Question,Option A,Option B,Answer,Category,Expected Relationship
The government recently passed a nationwide mandate for all households to limit screen time to one hour per day.,What's the more plausible CAUSE?,Root of this situation: They were following a nationwide mandate to curb individual screen time.,Root of this situation: They were attempting to foster deeper connections by reducing distractions from devices.,A,Cause,High
A delivery van was spotted stopping at several houses in the neighborhood early this morning.,What's the more plausible CAUSE?,Root of this situation: A package was delivered to the house.,Root of this situation: A stranger was loitering near the house.,A,Cause,High
The office was bustling with activity due to a special event over the weekend.,What's the more plausible CAUSE?,Root of this situation: The company was hosting a corporate event.,Root of this situation: There was a break-in attempt.,A,Cause,High
Marine biologists announced a significant discovery in the ocean during peak hours.,What's the more plausible CAUSE?,Root of this situation: Such frequency was to accommodate the higher number of commuters and reduce congestion.,Root of this situation: A new species of fish was found in the ocean.,B,Cause,High
Weather reports predicted unusually high temperatures for the morning.,What's the more plausible CAUSE?,Root of this situation: There was a heatwave.,Root of this situation: It had snowed overnight.,A,Cause,High
"During the highly publicized fashion week, the TV show's season release garnered additional attention.",What's the more plausible CAUSE?,Root of this situation: A famous actor started a new fashion trend.,Root of this situation: It accommodated binge-watchers who prefer to watch at their own pace.,A,Cause,High
An ecological survey in a manufacturing region led to temporary but significant disruptions in production schedules.,What's the more plausible CAUSE?,Root of this situation: A new species of bird was discovered.,Root of this situation: There was a shortage of semiconductor chips.,A,Cause,High
"Just as the company's financial performance peaked, a natural event affected the landscape near its main office.",What's the more plausible CAUSE?,Root of this situation: A highly favorable quarterly report was released.,Root of this situation: A nearby river changed its course.,B,Cause,High
The summer's record-breaking heat coincided with the launch of an album that quickly became a cultural phenomenon.,What's the more plausible CAUSE?,Root of this situation: A new rock band released their debut album.,Root of this situation: There were unusually high temperatures during the growth period.,A,Cause,High
The town's central area was bustling with activity due to a significant new development coinciding with other local events.,What's the more plausible CAUSE?,Root of this situation: A new shopping mall was opened.,Root of this situation: There was a free concert featuring a popular band.,A,Cause,High
