Cause A,Cause B,Cause Expected Relationship,Effect A,Effect B,Effect Expected Relationship
They were following a nationwide mandate to curb individual screen time.,They were attempting to foster deeper connections by reducing distractions from devices.,High,"After several months, a promising candidate was developed.","After a day, the scientist had built a time machine.",High
A package was delivered to the house.,A stranger was loitering near the house.,High,He maintained a perfect smile.,He developed cavities over time.,High
The company was hosting a corporate event.,There was a break-in attempt.,High,They decided to start a new project immediately.,They successfully met the deadline the next morning.,High
Such frequency was to accommodate the higher number of commuters and reduce congestion.,A new species of fish was found in the ocean.,High,He managed to capture the perfect hue and shadow in his artwork.,He went out for dinner in the evening.,High
There was a heatwave.,It had snowed overnight.,High,"Over a couple of seasons, the yield from his farm increased substantially with healthier crops.",He decided to start a poultry farm on his property.,High
A famous actor started a new fashion trend.,It accommodated binge-watchers who prefer to watch at their own pace.,High,It became a mysterious and fascinating item to visitors.,It was discarded as broken.,High
A new species of bird was discovered.,There was a shortage of semiconductor chips.,High,The painting was sold immediately.,The painting showcased intricate patterns and depths as it morphed over time.,High
A highly favorable quarterly report was released.,A nearby river changed its course.,High,"Over the decade, travel between these cities became faster and more efficient.",The government launched a space exploration program.,High
A new rock band released their debut album.,There were unusually high temperatures during the growth period.,High,"Over the semester, the students developed the ability to read minds.","Over the semester, the students became more engaged and participative.",High
A new shopping mall was opened.,There was a free concert featuring a popular band.,High,They decided to start a small home garden.,"After several years, they accumulated a substantial amount.",High
A celebrity announced a new world tour.,The automatic bell system was malfunctioning.,High,Her father told her to drink her milk.,Her father immediately took away her dessert.,High
There was a system error in the portal's date setting.,A new restaurant opened in town.,High,They built a snowman in the garden.,They had fresh vegetables for meals in the fall.,High
A famous movie was released.,There were changes in climate patterns.,High,The beef was tender and flavorful after hours of cooking.,The beef was ready in an hour.,High
There was a festival in the forest.,A predator was lurking in the vicinity.,High,The team experienced fewer injuries and improved performance over time.,The team's attire color changed to a lighter shade.,High
There was a glitch in the central timekeeping system.,A famous painter arrived in town.,High,The company started to focus more on international markets.,Investors received more comprehensive data but had to wait longer between updates.,High
A new kind of flower was discovered in a remote forest.,Governments and private companies invested heavily in space technologies.,High,The city opened a new park downtown.,The pace of new construction projects in the city decreased significantly over time.,High
"The government actively fostered research and development in renewable energy, providing grants and incentives over years.",A pop star held a concert on the island.,High,Passengers had a more relaxed connection experience but the total travel time increased.,The airline introduced new in-flight meals.,High
"Industrial waste was being dumped into the lake, polluting it over time.",An award-winning film was screened on the lakeshore.,High,"The parks saw an increase in daily visitors, with many people bringing their work outdoors.",The parks started to close earlier in the evening.,High
The change was to accommodate the fast pace of developments and updates in the tech industry.,A rare bird was spotted in a remote part of the country.,High,"There was a decrease in the number of visitors, providing the environment more time to rejuvenate.",The national park introduced new flora and fauna exhibits.,High
The town started hosting an annual sea festival that gradually gained international attention.,The town experienced a series of thunderstorms.,High,The local government introduced water taxis as a new form of transport.,"Over time, there was a noticeable decrease in traffic congestion and pollution on that specific day of the week.",High
Someone set off fireworks in the neighborhood.,There was a parade passing by.,High,The residents felt uplifted and parks became busier.,All cars stopped working.,High
I marked an appointment on the calendar.,It was the beginning of a new month.,High,The flowers remained fresh for a longer time.,The flowers changed their color.,High
"The standing desk allowed Emily to maintain a more neutral spine position, reducing the pressure on her lower back.",The standing desk magically healed Emily's lower back.,High,Employee satisfaction increased and there was a notable improvement in work efficiency over time.,The factory introduced a new line of products.,High
It is because they have been lifting heavy weights.,It is due to the natural decrease in bone density over time.,High,The organizers introduced a new award category.,"Attendees were able to join from different time zones, which increased the overall participation.",High
Anna started eating foods that absorb vitamin D from the body.,There was a lack of natural sunlight in the basement apartment.,High,She opened a modern art gallery.,She became a renowned artist in the field.,High
The water softening system removed minerals from the water that were causing buildup in Sarah's hair over time.,Sarah was washing her hair more frequently.,High,The college changed its main courses to focus on science and technology.,"Over time, the educational level in the surrounding community noticeably improved.",High
It is due to the individual reading too much.,It is a natural part of aging.,High,"Over a few years, the nation's carbon footprint reduced significantly.",All the factories in the country were closed immediately.,High
It happens when Earth passes through a trail of debris left by a comet or asteroid.,It happens due to the sudden appearance of new stars in the night sky.,High,I felt extremely thirsty in the evening.,I felt bloated in the evening.,High
The farmer watered the fields excessively.,"The rainwater accumulated in the fields, unable to drain away quickly enough.",High,Companies started to hire more foreign workers.,Workers reported having a better work-life balance.,High
The Earth spirals closer to the sun.,A day-night cycle occurs.,High,Customers postponed their purchase decisions.,Customers rushed to avail the discounts before the offer ended.,High
She enjoyed the exercise and the opportunity to clear her mind before starting work.,She was collecting leaves for a herbarium.,High,"After a few years, there was a decrease in the number of elderly individuals suffering from lifestyle-related health issues.",The government introduced a new healthcare policy focusing on the youth.,High
He wanted to learn how to play the trombone.,He was fascinated by aviation and enjoyed assembling models.,High,I felt energized throughout the morning.,I felt hungry again within an hour.,High
The reduced oxygen levels at high altitudes were affecting Sarah's respiratory system.,Sarah started a new job.,High,The company started a cricket league for its employees.,"Over the years, the company became a leader in its sector, adopting the newest technologies rapidly.",High
She was trying to complete a painting.,She was in a hurry to reach her office on time.,High,The station started offering free snacks.,Many travelers missed their trains as they relied on the station clocks for the correct time.,High
A blackout occurred in the neighborhood.,Someone switched on a bright light.,High,They bought a new TV for the living room.,The family spent more quality time together.,High
The development team wanted to compete in a vaccine competition.,The urgent need to curb the pandemic propelled the rapid development.,High,Everyone disregarded the agenda and continued with their previous plans.,Everyone was well-informed about the meetings and deadlines for the week.,High
The company aimed to focus on producing electric vehicles for a sustainable future.,The company decided to venture into the production of airplane meals.,High,The team left with a clear vision and set of goals for the next three months.,The team learned a new language together.,High
People around the world decided to skip lunch that day.,The moon was positioned between the earth and the sun at that specific time.,High,Productivity increased as employees were motivated to finish their work sooner.,Employees started coming in on Saturdays to complete their work.,High
It rained overnight.,The sun was shining brightly.,High,She got a cold.,She got a sunburn.,High
It gave employees a regular weekly break and maintain machinery.,A new comet entered the solar system.,High,The plant blossomed with beautiful flowers.,The plant's leaves turned yellow and fell off.,High
It was the grandparent's golden wedding anniversary.,The latest blockbuster movie was released.,High,He felt very sleepy the next morning.,He found a new hobby.,High
The company maintained the exact same business model for the decade.,"The company consistently innovated and adapted to market demands, gaining a substantial customer base over time.",High,He had a stomachache later in the evening.,He started reading a book.,High
He decided to go for a swim.,He had a job interview scheduled for later in the day.,High,She set up camp to stay overnight.,"She witnessed a breathtaking view of the sun sinking below the horizon, painting the sky with warm hues.",High
A famous celebrity was visiting the park in the afternoon.,The weather was cooler and more comfortable in the morning.,High,He felt sick with food poisoning.,He won a cooking competition.,High
He wants to ensure they are always functioning for safety.,He has a phobia of batteries.,High,He was well-prepared for the exam.,He decided to skip the exam.,High
They wanted to celebrate a wedding.,They wanted to maintain close ties without it being too frequent.,High,It hosted the annual village fair.,"It became a beacon of wisdom, attracting seekers from far and wide.",High
There were technical difficulties with the projector.,They were serving free popcorn.,High,He became proficient in playing the guitar.,He developed an interest in painting.,High
They took separate vacations each year.,They maintained open communication and worked through challenges together.,High,Users started to ignore the security patches.,Users were better protected against newly discovered vulnerabilities.,High
She wants to use them while they are still good and avoid waste.,She likes to organize her fridge alphabetically.,High,She overslept and was late for work.,She cooked a gourmet breakfast.,High
They bought a new TV.,There was a severe snowstorm forecasted for that night.,High,They felt a sense of wonder seeing the shooting stars.,They had a family dinner.,High
It was the moment they had been waiting for to celebrate the New Year.,They had just finished watching a comedy show.,High,It provided a large area of shade during sunny days.,It started producing bananas.,High
They want to create a time-lapse of their growth and changes.,They were celebrating a birthday party.,High,He had to get new clothes to fit his changing body.,He started to shrink.,High
They were moving to a new city.,They wanted to commemorate their marriage on a significant milestone.,High,It was now a new hour.,It was now a new year.,High
They were going for a vacation.,They had conflicting schedules on the actual date.,High,Visitors could see the exhibit at any time of the year.,Visitors planned their trips during the open period to see the exhibit.,High
They started offering yoga classes.,They wanted to accommodate people who work during the day.,High,They have rugged peaks and dramatic landscapes today.,They disappeared without a trace.,High
They wanted to enjoy their freedom while they were still young.,They wanted to open a bakery.,High,She was well-prepared when finals week arrived.,She did not know any of the material for her exams.,High
She likes to watch a specific TV show during dinner.,She likes to maintain a regular eating schedule.,High,Consumers had new options for holiday shopping.,Consumers were dissatisfied with the previous product line.,High
They were decorating the office for a party.,They were trying to meet the annual sales target.,High,"Over time, he created a series depicting the sun at different times of the year.",He became an expert in identifying bird species.,High
She likes to plan her schedule meticulously.,She is a calendar designer.,High,"By her senior year, she was proficient in advanced calculus.",She became a well-known athlete in her school.,High
They were celebrating a birthday party.,They wanted to witness a rare astronomical event.,High,The community became famous for its architecture.,This tradition fostered a deep sense of unity and joy in the community.,High
The artist wanted to create an immediate buzz in the media.,The artist wanted to leave a message and artifacts for future generations to discover and understand their current time.,High,"Over the years, the children developed a deep love for books and storytelling.",The children became excellent mathematicians.,High
The analytics indicated a more active listener base in the new time slot.,The host of the show got a new pet.,High,He learned a variety of programming languages.,He started a cooking blog.,High
They wanted to celebrate a national holiday.,They wanted to start a tradition that symbolizes growth and new beginnings.,High,Patients with the specific condition had a new treatment option available.,Hospitals were less crowded.,High
The city implemented community policing and social programs targeted at reducing crime.,A superhero started patrolling the streets.,High,Complex simulations and calculations that would have taken years could now be completed in seconds.,Traditional painting techniques became obsolete.,High
Government introduced modern farming techniques and irrigation facilities.,A rock concert was held in the region.,High,Smartphone companies went bankrupt.,Many found they only needed one device to perform a variety of functions.,High
There was a free concert in the main square.,People were getting off work and returning to their homes.,High,"After a few years, there was a noticeable reduction in traffic jams during peak hours.",The city constructed a new stadium.,High
"A comprehensive vaccination campaign was undertaken, gradually building herd immunity.",A famous celebrity moved into the community.,High,"A decade later, literacy rates had significantly improved.",The government unveiled a new flag.,High
A prolonged drought condition coupled with increased water extraction led to the reduced water level in the river.,There was a massive rainstorm.,High,The wedding photos featured stunning backgrounds with trees showcasing vibrant fall colors.,They went for a honeymoon to a tropical island.,High
A popular movie featured the bird.,Conservation measures were effectively implemented over time.,High,The botanist started studying rock formations.,"By the time summer arrived, the field was a vibrant patchwork of colorful, blooming flowers attracting a myriad of butterflies and bees.",High
Global climate change altered weather patterns.,A massive volcano erupted nearby.,High,"By the end of the rainy season, they had collected a substantial amount of water to use for their garden during the drier months.",The family started a home-based pottery business.,High
They wanted to stay awake all night.,The harsh winter had finally ended.,High,They enjoyed witnessing the sap collection and syrup production process.,They relocated to a different state.,High
It was due to consistent water flow over a long period of time.,It was because of a single heavy rainfall event.,High,The company changed its logo.,Customers received their packages much quicker.,High
They intended to commemorate the event and to honor the resilience and solidarity shown during that difficult time.,They intended to host a music festival.,High,They initiated a new yoga festival centered around a bonfire.,"Following the tradition, they burned effigies on the bonfire to celebrate Guy Fawkes Night.",High
She had won a lottery.,"She reached the milestone age of 75, a remarkable period of her life.",High,Commuters reached their destinations faster.,People started bringing their pets to the subway.,High
He was honoring a personal tradition.,He was conducting a yearly weather report.,High,"Over time, my endurance decreased.","Over time, my endurance increased.",High
They wanted to allow employees time to recharge and pursue personal interests.,They wanted to cut down on yearly holiday events.,High,The post office delivered the letter the following day.,The post office expedited the letter three days later.,High
He wanted to become a novelist.,He was deeply fascinated by history and wanted to uncover the secrets of the past.,High,His mother sent him to his room.,His mother put a bandage on the wound.,High
They were marking the end of years of financial commitment and the full ownership of their home.,They were celebrating a festival.,High,"After a few months, they had rich soil for their garden.",They built a new fence.,High
It was the middle of the night.,A new day had begun.,High,I bit my tongue.,I burnt my tongue and it bothered me throughout the day.,High
They wanted to start a bakery business.,They wanted to maintain a cherished family tradition and enjoy a sense of connection with their ancestors.,High,More customers started shopping in the evenings after work.,The store introduced a new summer collection.,High
It was noon or midnight.,It was mid-afternoon.,High,"Throughout the morning, the smell of freshly baked pastries attracted many customers.",The bakery won an award later that day.,High
He wanted to finish most of his work before it got too hot.,He preferred working under the moonlight.,High,The garden was adorned with the beautiful and unique roses.,The gardener started a podcast.,High
John had memorized the most frequently drawn numbers and chose his lottery numbers based on statistical analysis.,John bought a lottery ticket every day instead of weekly.,High,The diversity of marine life in the region has decreased.,The marine life in the region has flourished.,High
The lid on the mailbox broke.,I went on vacation for two weeks.,High,Drought conditions in the region improved.,Rivers swelled and there was widespread flooding.,High
A group of conservationists had reintroduced these species a few years back.,A magical bird suddenly appeared and brought all the rare birds with it.,High,Individuals had a broad estimation of the daytime hours based on the sun's position.,People could accurately know the number of minutes in an hour.,High
The regulation time ended in a tie.,The team scored a goal in the first half.,High,Many buildings were damaged and infrastructure was disrupted.,The weather in the region became cooler.,High
I was hungry.,It was Saturday.,High,The pollution levels rose dramatically.,Wildlife gradually returned to the area.,High
The meeting room was already booked for the original date.,They needed to address urgent matters arising from a dip in the quarterly sales.,High,"Residents began to have a shared understanding of time, facilitating scheduled meetings and events.",People started painting their houses in bright colors.,High
The city wanted to avoid the high temperatures forecasted for the afternoon.,The mayor is an early riser.,High,People had an extra second to enjoy their daily activities.,This helped in keeping the accuracy of astronomical observations and navigational systems intact.,High
There was a nationwide system outage hindering the online tax filing process.,A new tax reform was passed.,High,People in many cultures celebrate this time as it marks the beginning of fall.,All stars become visible in the night sky.,High
The park staff wanted to have a longer evening break.,"The days were getting shorter, resulting in reduced daylight hours.",High,Residents could witness stunning sunsets every evening.,Residents had 24 hours of daylight.,High
The airline acquired new planes.,Analysis showed that business travelers preferred early morning flights to reach their destinations sooner.,High,The painting suffered severe deterioration and damage.,The painting's colors became more vibrant.,High
Many parents requested a later time to accommodate their travel plans.,The printing of the graduation programs was delayed.,High,"In a decade, the forest cover in the country increased.",The government launched a new welfare scheme for the elderly.,High
The weather forecast predicted rain for the original date.,There were discounts available for fireworks in early July.,High,Fashion enthusiasts had new trends to follow once a decade.,Fashion enthusiasts had new trends to follow multiple times a year.,High
A new statue was being inaugurated in the city.,They intended to provide more flexibility and accessibility to patients for undergoing tests.,High,People celebrated the start of the new year.,People prepared their dinner.,High
It was aligned with the specific treatment plan designed for optimal effectiveness.,The hospital was inaugurating a new wing.,High,The sale of morning newspapers increased.,The number of nighttime crimes decreased.,High
The cafeteria extended its hours.,It aimed to reduce wait times and organize patient visits more efficiently.,High,He found a sense of tranquility through the visual and tactile experience of the hourglass.,He stopped meditating.,High
It wanted to ensure immediate care for critical cases at any time of the day.,A celebrity was visiting the city.,High,She started forgetting what happened during the day.,She gained a deeper understanding of her daily experiences.,High
It was the start of the basketball season.,The teacher wanted to tie in recent happenings with historical perspectives and foster critical thinking.,High,She became less interested in drinking water.,She remained hydrated throughout the day.,High
The school built a new swimming pool every two years.,The school wanted former students to reconnect and network every two years.,High,He forgot how to use social media.,He became more conscious of the time he spent on social media.,High
The principal loved to play basketball.,The school wanted to encourage physical activity and school spirit.,High,The clocks stopped working.,He could accurately track the time from any room.,High
They ate airline food during the flight.,They traveled across several time zones.,High,He was able to accomplish small tasks more quickly.,He started procrastinating more.,High
She failed the final examination.,The professor praised her project.,High,He forgot how to do tasks that were not on his schedule.,He became more productive and managed his time efficiently.,High
The team encountered unexpected technical issues.,The team finished the initial work early.,High,She found herself sleeping better.,She could no longer read digital screens.,High
Many families visited the lake during the summer.,There was a sudden drop in temperatures in the fall.,High,He felt more organized and prepared for the week ahead.,He could no longer remember any of his plans.,High
They bought a new set of garden furniture.,The weather forecast predicted a cool and clear night.,High,She found herself less distracted by constant notifications.,She started missing urgent emails regularly.,High
There were several other assignments and tests scheduled for that week.,The teacher was going on a short vacation.,High,She had more time in the mornings to prepare for the day.,She started having lunch at breakfast time.,High
She wanted to be fully prepared for a championship in January.,She bought new training equipment.,High,She found herself having extra time at the end of each day.,She suddenly forgot all her appointments.,High
The seeds were on sale.,The meteorological department predicted an early spring.,High,"Over a few months, he built a regular listener base.","Within a day, he became a national celebrity.",High
The previous year's festival had a lower turnout.,They wanted to ensure it did not coincide with a national election.,High,He started a career as a movie director the following week.,He learned how to take professional photos.,High
There was a power outage scheduled for the original date.,A new course was introduced in the curriculum.,High,"After a year, she could play complex pieces of music.","After a day, she performed a concert.",High
"A new bus route started, bringing more commuters in the morning.",The neighboring shop changed its hours of operation.,High,"In a week, they became marathon runners.","Over time, they both became fitter and healthier.",High
The summer days were hot and evenings were more comfortable.,A new roller coaster was opened.,High,She instantly won a lottery.,"Over time, she found herself feeling more positive and happy.",High
The school wanted to expose students to different career options.,The school was near a library.,High,His daily commute time was significantly reduced.,His daily commute time tripled.,High
There was a high demand from students during the exam period.,There was a new library card system implemented.,High,She immediately got a promotion at her work.,She was tired but fulfilled as she was learning something new.,High
There were more attendees last year.,The lighting was better for the play during morning hours.,High,"Over a period, he felt more relaxed and had better control over his emotions.","Within a day, he achieved enlightenment.",High
They had skipped lunch.,They bought a new dining table.,High,She often arrived earlier than necessary.,She was late more often.,High
A few speakers canceled their presentations at the last minute.,Many attendees were international.,High,She lost her sense of time completely.,She became more aware of how she was spending her time during breaks.,High
Fireworks were available at a discounted price.,The government imposed a curfew due to rising COVID-19 cases.,High,He was able to consistently brush his teeth for the recommended two minutes.,He brushed his teeth more quickly.,High
They wanted to incorporate Christmas festivities into their celebration.,They found a great venue available in the summer.,High,He maintained a regular and consistent communication with his parents.,He forgot to call his parents altogether.,High
There was a technical fault on one of the lines.,A new train station was inaugurated.,High,She had to adapt to a new working hours schedule.,She started learning a new language.,High
There were new attractions added to the festival lineup.,There was a significant outbreak of a contagious disease.,High,He arrived on time for his appointment.,He decided to paint the clock.,High
The organizers wanted to commemorate the 10-year milestone.,The school colors changed after graduation.,High,He started doing more chores.,He came home earlier in the evenings.,High
They had a lot of wedding presents to open.,They were waiting for the travel restrictions to be lifted.,High,He could tell the time in grade school.,He became a clockmaker.,High
The noise and fast pace of the city life were wearing on him.,He had just completed a marathon.,High,The clock stopped ticking.,She bought a new clock.,High
She wants to ensure students practice the material learned over the week.,There is a policy to reduce the number of school holidays.,High,He developed a resilience and a routine that brought a sense of accomplishment.,He became more fit and enjoyed the daily dose of outdoor exercise.,High
A film festival was held there every autumn.,It was a popular destination for holidaymakers during the warm season.,High,He created a stunning series of sunrise photos showcasing the changing seasons.,He developed a deeper appreciation for the daily phenomenon and the beauty of nature.,High
The writer missed an important deadline last week.,The writer avoided bias in her stories.,High,"His reading comprehension improved, retaining more details from the story.","He became more engaged with the story, actively predicting the plot twists.",High
They were participating in a scientific experiment to study the effects of cross-seasonal pollination.,They wanted to ensure a continuous cycle of blooming plants throughout the year.,High,He created a serene and undistracted space to unwind at the end of the day.,He found that he was sleeping better and waking up more refreshed.,High
A long-lost postal service bag was finally discovered and delivered.,A time traveler sent letters from the past to confuse the locals.,High,She could remember her dreams more vividly and started noticing patterns in them.,She was fostering a habit of immediate reflection and self-awareness each morning.,High
"A sea god controlled the island, allowing it to surface for a brief period as a gift to humans.",The island was subject to a unique geological phenomenon causing it to submerge and re-emerge over long intervals.,High,"Immediately, they became professional dancers.","Over time, they improved their dance skills and grew closer as a couple.",High
A genius physicist discovered a method to manipulate the passage of time in confined spaces.,The club was built on a vortex where the fabric of time was naturally distorted.,High,She could manage her day better with a clear delineation of work tasks in the morning.,She felt more alert and could articulate her thoughts better in the morning.,High
She wanted to discuss the syllabus for the next year.,She wanted to celebrate the hard work of her students throughout the year.,High,He opened a museum.,He expanded his knowledge and started his day in a calm manner.,High
"A tree whisperer had sung to it the previous night, waking it from its slumber.",A once in a lifetime climatic event triggered the tree’s biological response to bloom.,High,She was always punctual for her appointments.,She started to learn a new language.,High
The flower has a very slow biological clock.,A forest spirit dictates the blooming cycle of the flower as per an ancient pact.,High,He started a rock band.,His children developed a love for reading and they shared quality family time each night.,High
A wizard had elongated the day to complete a special magical task.,"A rare astronomical event caused an extended day, confusing the residents.",High,He gradually became a proficient pianist.,He became a marine biologist.,High
I planned to attend my uncle's funeral.,I planned to attend my friend's wedding.,High,She opened a bakery.,"By the end of the year, she had developed a robust skill set and portfolio.",High
Santa Claus had cast a spell on the town making every day Christmas.,The town council passed a resolution to celebrate Christmas year-round to attract tourists.,High,They made a positive impact in their community over time.,They watched a new movie.,High
A snow-making machine was left running by movie producers.,"A cold front arrived earlier than usual, bringing freezing temperatures.",High,She traveled to another country.,The family became closer as they spent quality time together every week.,High
"A giant battery appeared on the island overnight, providing unlimited energy.","Over the decade, a dedicated team worked to harness wind and solar energy efficiently.",High,They could enjoy rich discussions and deeper understanding of various books over time.,They started a new job.,High
A conservation project had been working tirelessly to restore the natural habitat.,"An artist painted the new species, and they came to life.",High,They bought a new car.,"By summer, they were able to harvest fresh vegetables for their meals.",High
A famous movie star bought the place and turned it into a theme park.,Archeologists spent years restoring and preserving the site.,High,She wrote a book on pottery.,She improved her skills over time and created her own pottery pieces.,High
A team of experts worked on it meticulously for a long period.,A five-year-old prodigy restored it in a single day.,High,He invented a new gadget.,He experienced the tranquility of nature and the beauty of the changing seasons.,High
The moon is growing and shrinking in size.,"It is due to moon's orbit around Earth, coupled with the angle of illumination by the sun.",High,He decided to buy a new bottle.,He realized the medicine was no longer safe to use.,High
He signed his will a few weeks ago.,He received an organ transplant several weeks ago.,High,"In a week, he read hundreds of books.","Over the months, he read through several books.",High
The summer temperatures were cooler in the early morning.,The coach wanted to incorporate a breakfast meal after training.,High,"After several months, they had rich soil for their garden.","The very next day, they had rich soil for their garden.",High
It allowed her to have the washing machines to herself as most people do laundry later in the day.,Amy found more lost socks in the laundry room.,High,I was tired in the morning.,I had vivid dreams that night.,High
Her partner wanted to express love and affection on this special day.,She was a famous movie star.,High,He submitted the paper early.,He submitted the paper incomplete.,High
It was when the crops matured and were ready for harvest.,There was a festival every winter.,High,He began exercising more.,He started waking up earlier.,High
It follows a natural annual cycle of flowering.,It was near a river.,High,He travelled north.,He got up early.,High
The weather forecast predicted a sudden drop in temperature with the approach of winter.,They were getting ready for a themed party.,High,I was early to work.,I was late to work.,High
It is aligned with a specific cycle of the zodiac signs.,It was a tradition set by the local government a few years ago.,High,I went to bed early.,I stayed up all night.,High
There was a new animal documentary being filmed in the area.,"The early signs of a harsh winter were becoming evident, triggering the animals to prepare.",High,He realized he forgot something.,He realized he was early.,High
They wanted to experience the tranquility and the mesmerizing colors of the forests in autumn.,They were participating in a summer sports event.,High,Employees stopped working.,Employee satisfaction increased.,High
I was lonely.,I was out of town.,High,His flexibility and posture improved.,He became prone to injuries.,High
Food is scarce and the temperatures are low during this season.,It is following a trend set by other animals.,High,The plants withered and died.,The plants grew healthy and vibrant.,High
The town was hosting a cold drink festival.,A heatwave arrived in the summer.,High,They started looking for jobs.,They enrolled for freshman year.,High
They were separated.,They were retired.,High,She failed in her exams.,She performed well in her exams.,High
"As winter approached, the nights became colder.",They purchased a new home with larger beds.,High,His health improved.,He gained weight.,High
"Meteorologists forecasted an early start to the winter season with heavier snowfall, prompting early preparations.",A famous athlete would be training at the resort.,High,People went for their lunch breaks.,People went to bed.,High
Chinese New Year was approaching.,A major film festival was taking place in the city.,High,Spring was in full swing.,Winter was starting.,High
A kite flying competition was announced by the local community center.,"The Makar Sankranti festival was coming up, a time when people fly kites to celebrate the harvest season.",High,Summer was approaching.,Winter was approaching.,High
"It was the mating season, and frogs were calling out to attract mates.","A music festival was being held nearby, with frog sounds being a prominent feature.",High,Spring arrived.,Winter began.,High
A forest ranger had initiated a bear feeding program in the region.,"Spring had arrived, signaling the end of hibernation for the bears.",High,The plants died in the spring.,The plants grew in the summer.,High
"The winter was milder and ended early, initiating an early spring.",The sparrows were participating in a nest-building competition organized by the bird community.,High,She woke up and started her day.,She went to sleep for the night.,High
The forecast called for storms.,It was a holiday weekend.,High,They started high school again.,They started college in the fall.,High
Her dog learned to cook breakfast.,Her dog learned to anticipate their daily walks.,High,They gained an extra hour of sleep.,They went for a morning run.,High
A close family member could not make it to the originally scheduled date.,They found a better wedding venue.,High,I took a seat in the back row.,I approached the podium.,High
They bought a new house.,They wanted to celebrate with friends.,High,People evacuated their homes.,Leaves fell from the trees.,High
She had consistently performed well and taken on additional responsibilities.,She rarely completed her assignments on time.,High,I took extra time to get ready.,The clock showed the wrong time.,High
It was a rainy and cold day.,It was a sunny and warm weekend.,High,He waited at the bus stop.,He asked a stranger for the time.,High
I listened to my favorite song in the morning.,I had a less stressful day at work.,High,"In a day, she became a renowned linguist.","After a year, she became proficient in the new language.",High
He wanted to ensure every detail was perfect for viewers.,He lost interest in his work.,High,"Over a period of time, he lost weight and felt more energetic.","In a week, he became a professional athlete.",High
People used less data back then.,The infrastructure and technology for high-speed Internet were not yet developed.,High,"Over time, he noticed an improvement in his physical health.",He saw no change even after a year.,High
It was the Mid-Autumn Festival.,It was New Year’s Day.,High,The journey took a longer time.,They reached instantly.,High
I had a cup of coffee in the afternoon.,I had a good night's sleep.,High,It was the peak of summer.,It was fall season.,High
It was Chinese New Year.,It was a regular workday.,High,"By winter, the puppy had grown significantly.","By the next day, the puppy had grown significantly.",High
It was a Monday morning.,It was Valentine's Day.,High,He quickly depleted all his savings.,"Over the years, he built up a substantial savings.",High
They were excited to go on a family outing.,They wanted to do their homework.,High,It took her longer to complete the degree compared to full-time students.,She completed the degree in the same time frame as full-time students.,High
It was a car-free day in the city.,It was the first day of winter.,High,"In several years, it grew tall and sturdy.",It immediately turned into a large tree.,High
It was a clear night.,It was late.,High,He found it more difficult to wake up in the morning.,He found it easier to wake up in the morning.,High
There was a critical bug that needed fixing before the morning.,He wanted to learn a new programming language.,High,She forgot all her work responsibilities and skills.,She returned to work feeling more refreshed and focused.,High
They were preparing for a press conference.,They were finalizing the last set of experiments before the space mission.,High,They had a long weekend.,They had less time for the weekend.,High
It was the middle of summer.,The holiday season had ended.,High,They celebrated the start of the new year.,They celebrated Christmas.,High
It was undergoing a scheduled maintenance update.,A user was working on it at that time.,High,She started college at the same time as her peers.,She started college a year later than her peers.,High
All the traffic lights in the town stopped working.,It was the beginning of the holiday shopping season.,High,They had to wake up in the middle of the night to get to the airport.,They got to sleep in before their flight.,High
They were celebrating a colleague's birthday.,There was a quarterly review meeting scheduled.,High,She had extra free time.,She missed the deadline.,High
The weather forecast predicted rain all day.,They wanted to watch a football match on TV.,High,He felt more energized afterwards.,He felt more tired afterwards.,High
A new minute began.,The day ended.,High,The tulips bloomed in the fall.,The tulips bloomed in the spring.,High
It was to discuss the daily tasks and updates.,It was to perform physical exercises to start the day energetically.,High,The weather was getting warmer.,A snowstorm was expected soon.,High
They were organizing the company’s yearly retreat.,They were preparing the annual financial reports.,High,He got out of bed.,He went to bed.,High
There was a power outage in the building.,The office used an automated system to encourage workers to take a short break.,High,He left his assignment at home.,He brought his lunch to school.,High
She likes to keep track of time.,She is a watch salesperson.,High,They lost contact with each other.,They began to feel more connected to each other.,High
It was the New Year's Eve countdown.,It was the start of a marathon race.,High,They gained a competitive advantage in the market.,They initiated a training program for employees.,High
Cold weather had set in.,A heatwave was starting.,High,There was a significant increase in visitors on those days.,They started offering virtual tours online.,High
They had plans to attend a theater show later in the evening.,They received an unexpected visitor at home.,High,People began working from home.,People were able to enjoy a long weekend.,High
It was New Year's Day.,It was Ash Wednesday.,High,The students had one less year in the school compared to the previous system.,The school immediately changed its uniform.,High
I had a headache.,My boss held a meeting.,High,The government immediately changed the official language.,The country witnessed a new government every four years.,High
There was a big festival happening downtown.,Many people were working from home that day.,High,Summer vacations were extended.,People enjoyed an extra hour of sleep on the day the time changed.,High
It was a breezy day.,It was a stormy day with lightning strikes.,High,A sizable forest developed over a decade.,The CEO immediately received a national award.,High
They were celebrating a birthday.,They all had different engagements later in the day.,High,Their electricity bill decreased over the next few months.,They started traveling more frequently.,High
The driver talked the whole way.,The driver made a wrong turn.,High,I woke up today with sore muscles.,I woke up today with a sore throat.,High
The government decreased the budget for space research.,The government passed more regulations on fossil fuels.,High,I sprained my ankle.,My face got sunburned.,High
It was just a regular weekday with no special occasion.,It was Valentine’s day and her partner left them for her.,High,He had a headache the next day.,He had a runny nose the next day.,High
Decades had passed since its last renovation.,It was located in a busy downtown area.,High,People skated on the pond.,People brought boats to the pond.,High
The region had been experiencing drought for an extended period.,A new species of plant absorbed all the water.,High,His fan base eagerly bought and streamed the new music.,He took part in a movie.,High
It was winter.,It was summer.,High,She finally published her findings in a top scientific journal.,She started a music career.,High
She woke up late.,She woke up early.,High,Many schools were closed the next morning.,The summer festival was cancelled.,High
The pigments used were susceptible to environmental degradation over long periods.,Recent flash photography by tourists accelerated the fading process.,High,He wrote a bestselling novel.,He won a gold medal at the national championship.,High
It was a carnival.,It was a silent retreat.,High,The company started producing home appliances.,Many people lined up overnight to buy it.,High
It was Ramadan.,It was Christmas season.,High,The patient built a habit of morning walks over time.,The patient learned a new language.,High
It was her graduation day.,It was her birthday.,High,The teachers went on a strike.,Students had more classes in a day.,High
It was New Year's Eve.,It was the middle of the afternoon.,High,The sales of bicycles decreased immediately.,The buses started running more frequently within a few months.,High
Autumn was coming.,Spring was approaching.,High,Residents bought extra groceries to avoid going out.,People started planting more trees.,High
It was Saint Patrick's Day.,It was Valentine's Day.,High,The inflation rate increased over the following months.,The spring season arrived earlier.,High
It was the middle of the winter.,It was summer vacation.,High,There was an eclipse observed in the sky.,Companies had to adjust their financial planning.,High
It was Halloween.,It was Easter.,High,They had two celebrations in a year.,They visited a new country the following month.,High
It was Labor Day.,It was Valentine's Day.,High,The town had colorful streets during springtime.,The winter snowfall was less the following year.,High
We were attending a gardening workshop in the morning.,We wanted to protect them from the harsh midday sun.,High,The national bird species changed.,The government had updated population data every ten years.,High
My friend arrived on time.,My friend kept me waiting.,High,There were two conferences held each year.,The organization changed its logo immediately.,High
He had a restful night of sleep.,He stayed up late watching movies.,High,Many people started reading books.,There was a sudden surge of customers in the store.,High
There was heavy traffic on the road.,I bought a new car.,High,The project was completed on time.,The company launched a new marketing campaign.,High
It was past the expiration date.,It was a new brand of milk.,High,The river levels rose significantly.,The number of tourists increased.,High
It was opening night for a highly anticipated film.,It was a workday morning.,High,The number of jobs available for younger people decreased.,People had to work for a few more years before retiring.,High
They were left there for over a month without care.,The room was very bright.,High,The employees received a bonus.,The company's stock price fluctuated.,High
The temperature was quite high.,There was a heavy rainfall last night.,High,"Since then, many people decided to travel by train instead.","Since then, air travel prices increased due to reduced competition.",High
The weather was extremely pleasant.,It was rush hour.,High,"Since then, the number of road accidents decreased.",The sale of new cars decreased drastically.,High
The sculptures melted due to the heat after a short time.,The artists take them away for a private collection after the event.,High,"Later, the method was incorporated into the curriculum of many educational institutions.",The price of mathematical textbooks decreased.,High
It was his work anniversary.,It was just a random day at work.,High,"Last year, a famous movie star visited the research facility.","Today, stocks for pharmaceutical companies involved surged.",High
I was daydreaming.,I was nauseous.,High,Hospitals have noticed a rise in patient visits since then.,The new gym opened downtown.,High
It was the top of the hour.,The hour seemed to drag on.,High,He built a repository of happy moments.,He became a famous author.,High
The speaker was sick.,The room was unavailable. ,High,"In recent months, they have significantly increased their hiring.","In recent months, there has been a surge in pineapple sales.",High
A famous cyclist won a championship.,"The city introduced new, safe bike lanes.",High,"This morning, users found many of the previous bugs resolved.","Last week, the company hosted a holiday party.",High
The city hosted a car exhibition.,A fuel shortage occurred the previous week.,High,"The hospital environment became cleaner, decreasing the risk of infections.",The hospital started offering ballet classes.,High
The bus driver wanted to enjoy the scenic route.,There was an unexpected road construction on its route.,High,The hospital started offering free WiFi.,Patient care became more personalized and adapted to changing health conditions.,High
I wanted to check the time.,I heard the clock tick.,High,The hospital saw a reduction in flu cases during the winter.,A local celebrity endorsed the hospital.,High
It was nearing dinner time.,It was time for breakfast.,High,The hospital received a new batch of medicines.,The patient received timely adjustments to their treatment.,High
A famous movie star was visiting the graveyard.,It was a day for honoring deceased loved ones.,High,The teacher started a gardening club.,Students had to be prepared for unexpected tests every two weeks.,High
It is a common display setting for clocks and watches.,It was ten minutes past ten at that moment.,High,Students had to adjust to having final exams twice a year.,The school colors were changed.,High
He wanted to make consistent progress and eventually complete his manuscript.,He wanted to take up gardening.,High,The school painted its classrooms.,Students and their families had a formal occasion to celebrate their academic achievements.,High
The afternoon began.,A new day started.,High,The university changed its location.,Students had the option to complete their degrees faster.,High
He wanted to ensure that his dog got sufficient exercise and stayed healthy.,He wanted to start a YouTube channel.,High,He won a Nobel Prize the next month.,He dedicated 52 days a year to helping others.,High
She wanted to save money and eat healthier meals.,She wanted to become a movie director.,High,"Since then, the sale of electric scooters has decreased.","Since then, there has been an increase in the applications for housing loans.",High
She wanted to learn how to play the violin.,She wanted to have the ceremony amidst blooming flowers and pleasant weather.,High,She was able to concentrate better on her studies.,Her study session was constantly interrupted.,High
He wanted to take a break to explore personal interests and recharge before returning to work.,He wanted to become a professional chef.,High,Work-life balance improved for many.,The concept of weekdays and weekends was abolished.,High
It was Christmas eve.,It was an Easter egg hunt.,High,The artwork became a dynamic representation of the artist's decade-long journey and evolution.,"The painting became a living organism, changing and growing with each new stroke added.",High
They wanted to start a fashion line.,They hoped to avoid the crowds and enjoy a more peaceful vacation.,High,The nightlife in the area became quieter.,People started growing taller.,High
She watched TV all week without exercising.,She started a new workout routine a month ago.,High,The nearby farm started producing more milk.,Students got an extra hour of sleep in the morning.,High
They wanted to relive the special moment and keep the memory alive.,They wanted to open a zoo.,High,The average time taken to obtain a driver's license increased.,The average time taken to obtain a driver's license decreased.,High
It was a summer holiday.,It was the middle of winter.,High,More people started adopting pets.,The duration of public events became more predictable.,High
He had spent every day at the beach.,He stayed indoors to avoid the sun.,High,People had longer weekends and more leisure time.,All the trees in the park suddenly blossomed.,High
The weather was hot.,The weather was cold.,High,People stopped using smartphones.,"The automotive industry underwent a revolutionary change, with many companies striving to match the new standards.",High
He had been watching TV all day.,He had spent hours cleaning and organizing.,High,The environment started to recover with significantly less plastic waste found in natural habitats.,People started to fly more often.,High
They wanted to take part in a marathon.,They wanted to witness the meteor shower from a picturesque location.,High,It started snowing heavily in the region.,The nearby towns were covered in ash and many habitats were destroyed.,High
He wanted to become a chef.,He found the nights quieter and felt he could be more productive.,High,The area transformed into a lush green forest.,The area turned into a desert.,High
He wanted to continuously improve himself and learn new things.,He wanted to become a world-class swimmer.,High,The reforms were immediately reverted.,"Foreign investments increased, and the country's economy grew substantially.",High
She cherished the stories and advice her grandmother shared during their conversations.,She wanted to maintain a strong bond and check in on her well-being regularly.,High,A rare celestial event occurred in the sky.,People had a guaranteed steady income every month.,High
She had gone for a long hike over the weekend.,She had eaten a large breakfast.,High,He discovered a modern city underground.,"He unearthed artifacts that shed new light on a lost civilization, offering a glimpse into their way of life thousands of years ago.",High
She wanted to create a peaceful ambiance during meal times.,She loved the fragrance and the gentle glow it added to the room.,High,She started a new career in music.,She made a groundbreaking discovery in her field.,High
She had a busy day at work.,She had a restful night's sleep.,High,He ended up with a beautiful collection that vividly depicted the transformation of nature over a year.,He painted a family portrait.,High
They wanted to appreciate and commemorate the longevity of their relationship.,They enjoyed reminiscing about the past and looking forward to future adventures together.,High,"She could potentially wake up in a far future era, experiencing a radically different world.",She started a new job the next day.,High
He read a book all day Friday.,He ran a marathon on Saturday.,High,She bought a new watch.,She experienced a day where she was more present and less guided by the rigid structure of time.,High
She wanted to foster a sense of community while keeping the neighborhood clean.,She wanted to take a cooking class.,High,"The message might be found by someone in the future, creating a mysterious and unexpected connection.",He immediately received a reply to his message.,High
She wanted to give herself time to formulate a well-thought-out answer.,She found that it helped her stay calm and collected during stressful moments.,High,"She created a rich, personal archive of her daily experiences and growth over the year.",She took a short vacation.,High
They decided not to attend the rehearsals.,They had been rehearsing for months.,High,He started a business venture.,He experienced a journey of self-discovery and the challenges of navigating the seas for an extended period.,High
He was attending a drawing class.,He was going to a dentist appointment.,High,He wrote a book on fitness.,He improved his physical health and built a habit of regular exercise.,High
They skipped breakfast.,They had a big breakfast.,High,Employees received feedback on their work regularly.,The company switched to a new software.,High
He enjoyed gardening.,He planned to become an astronaut.,High,"The market responded with massive sales and positive reviews, appreciating the innovative features.",All other companies stopped producing smartphones.,High
It was autumn.,It was springtime.,High,The air quality improved over time.,The number of cars sold increased.,High
There was a parade.,Everyone was asleep at home.,High,Employees gained experience in a wider variety of roles.,A famous artist released a new album.,High
She went to bed early each night.,She had been staying up late chatting with friends.,High,A new mountain range was discovered on another continent.,Patients could consult doctors from the comfort of their homes during the weekend.,High
He had left all his homework until the last minute.,He had steadily completed his assignments throughout the week.,High,The painting started predicting major world events through its transformations.,People visited the gallery in droves to witness the ever-changing masterpiece over time.,High
They were traveling during rush hour due to work commitments.,They were going to attend a midnight movie.,High,"Historians and enthusiasts flocked to the service, eager to experience different time periods firsthand.",History books started rewriting themselves to include tourists in historical events.,High
He was using a Pomodoro timer to manage his work time efficiently.,His phone battery was dying.,High,Research facilities rush to the area to study this phenomenon and its potential applications.,"People around the world started to age backward, becoming younger with each day.",High
She had forgotten to adjust it for daylight saving time.,She had traveled to a different time zone.,High,Museums and art galleries began using the program to better understand and preserve historical artworks.,"The artworks revolted against the artists, refusing to be altered digitally.",High
They wanted to ensure the plants would not be damaged by cold temperatures.,They believed the plants would grow taller.,High,"After years of diligent practice, they became a world-renowned virtuoso.","Within a month, they composed a masterpiece.",High
She enjoyed changing batteries.,She wanted to ensure the clock would continue running accurately without stopping.,High,He opened a museum with a fantastic collection that attracted visitors globally.,He transformed all the cars into flying vehicles.,High
The Northern Hemisphere was tilting away from the sun.,The earth was moving closer to the sun.,High,She became a renowned translator and bridged gaps between different cultures.,She invented her language that only she could understand.,High
Everyone was at home sleeping.,A new law prohibited people from going out at dawn.,High,"Within a week, the city became waste-free.","Over several years, the city drastically reduced its waste output.",High
There was a severe drought during the growing period.,The weather had been favorable with well-distributed rains over the months.,High,"Over the years, she developed a deep and insightful perspective on life, reflected in her later works.",She became a world-famous journalist within a year.,High
They wanted to start the day fresh with the meeting.,They were nocturnal creatures.,High,A full-fledged tree grew overnight.,"In a few months, a small plant sprouted from the ground.",High
They were required to meet daily.,They wanted to ensure regular progress on their project without meeting too frequently.,High,Customers had a longer period of coverage for manufacturing defects.,The national football team won the championship.,High
He had another important appointment to attend right after the meeting.,He was checking the weather forecast.,High,"Over time, her vocabulary and knowledge expanded",She immediately became a famous author.,High
The days get longer in the summer due to the tilt of the Earth's axis.,The Earth was spinning faster.,High,"Over time, she noticed improvements in her skin, hair, and nails.",She instantly grew taller.,High
The phone was malfunctioning.,The phone was programmed to automatically update for daylight saving changes.,High,He started to experience negative effects on their mental and physical health.,His lifespan increased.,High
The heating system had been on all night.,They opened all the windows overnight.,High,"After a few weeks, his body develops immunity against the virus.",He becomes invulnerable to all kinds of diseases.,High
She watched a lot of TV.,She maintained a healthy lifestyle.,High,It marks the shortest day and the longest night of the year.,It marks the beginning of summer in the northern hemisphere.,High
"There was a power outage, and the clock reset.",It was noon.,High,They spent quality time together and enjoyed the sunny day.,They decided to build a spaceship.,High
He wanted to kickstart his day with a burst of energy and have the evenings free.,He wanted to watch late-night movies.,High,The monument regained its original splendor over a period of time.,"Suddenly, all televisions in the vicinity stopped working.",High
It was a hot summer day.,It was a snowy winter day.,High,Trees began to grow upside down.,Employees started to enjoy a better work-life balance.,High
She looked back on a long and successful career.,"She had switched jobs frequently, never settling in one place.",High,The sales of luxury goods decreased over time.,People suddenly grew shorter.,High
He had finished his huge project that day.,He procrastinated and had not started his project yet.,High,Snowflakes began to fall from the sky.,The moon became visible in the sky.,High
We preferred riding roller coasters on Wednesdays.,We hoped it would be less crowded compared to the weekend.,High,A new star was observed in the night sky.,"People found it cheaper to borrow money, potentially stimulating economic activity.",High
They had stayed in their rooms avoiding each other.,They had participated in team-building activities.,High,"Within a week, a full-grown forest appeared.","After many years, a new forest ecosystem started to establish.",High
They were watching a late evening movie together.,They always eat late on Fridays.,High,His neighbors became very friendly towards him.,His neighbors complained about the noise.,High
The stores were less crowded at night.,Chris developed an allergy to moonlight.,High,She felt more relaxed over time.,She forgot how to breathe normally.,High
The clock was malfunctioning.,A guest was arriving.,High,They experienced a rare astronomical event safely without damaging their eyes.,They had a large barbecue party.,High
The school wanted to provide students with more time to study after school hours.,There was a new cafeteria menu.,High,Many people purchased additional warm clothing and heating supplies in anticipation.,There was a significant rise in beach vacations booked.,High
It was Thanksgiving.,It was the Fourth of July.,High,Businesses had to budget for higher wage expenses.,People painted their houses more frequently.,High
He wanted to preserve the function and longevity of the clock.,He wanted to improve his piano skills.,High,The school year started.,They started their summer break.,High
